{
  "nigeria":[
    {
      "state": "Abia State",
      "lga":[
        "Aba South",
        "Arochukwu",
        "Bende",
        "Ikwuano",
        "Isiala Ngwa North",
        "Isiala Ngwa South",
        "Isuikwuato",
        "Obi Ngwa",
        "Ohafia",
        "Osisioma",
        "Ugwunagbo",
        "Ukwa East",
        "Ukwa West",
        "Umuahia North",
        "Umuahia South",
        "Umu Nneochi"
      ]
    },
    {
      "state": "Adamawa State",
      "lga":[
        "Fufure",
        "Ganye",
        "Gayuk",
        "Gombi",
        "Grie",
        "Hong",
        "Jada",
        "Lamurde",
        "Madagali",
        "Maiha",
        "Mayo Belwa",
        "Michika",
        "Mubi North",
        "Mubi South",
        "Numan",
        "Shelleng",
        "Song",
        "Toungo",
        "Yola North",
        "Yola South"
      ]
    },
    {
      "state": "Akwa Ibom State",
      "lga":[
        "Eastern Obolo",
        "Eket"
        "Esit Eket"
        "Essien Udim"  
        "Etim Ekpo"  
        "Etinan" 
        "Ibeno" 
        "Ibesikpo Asutan"  
        "Ibiono-Ibom"  
        "Ika" 
        "Ikono"  
        "Ikot Abasi"  
        "Ikot Ekpene"
        "Ini"
        "Itu"
        "Mbo"
        "Mkpat-Enin"
        "Nsit-Atai"
        "Nsit-Ibom"
        "Nsit-Ubium"
        "Obot Akara"
        "Okobo"
        "Onna"
        "Oron"
        "Oruk Anam"
        "Udung-Uko"
        "Ukanafun"
        "Uruan"
        "Urue-Offong\/Oruko"
        "Uyo"
      ]
    },
    {
      "state": "Anambra State",
      "lga":[
        "Anambra East"
        "Anambra West"
        "Anaocha"
        "Awka North"
        "Awka South"
        "Ayamelum"
        "Dunukofia"
        "Ekwusigo"
        "Idemili North"
        "Idemili South"
        "Ihiala"
        "Njikoka"
        "Nnewi North"
        "Nnewi South"
        "Ogbaru"
        "Onitsha North"
        "Onitsha South"
        "Orumba South"
        "Orumba North"
        "Oyi",
      ]
    },
    {
      "state": "Bauchi State",
      "lga":[
        "Bauchi"
        "Bogoro"
        "Damban"
        "Darazo"
        "Dass"
        "Gamawa"
        "Ganjuwa"
        "Giade"
        "Itas\/Gadau"
        "Jama'are"
        "Katagum"
        "Kirfi"
        "Misau"
        "Ningi"
        "Shira"
        "Tafawa Balewa"
        "Toro"
        "Warji"
        "Zaki"
      ]
    },
    {
      "state": "Bayelsa State",
      "lga":[
        "Ekeremor"  
        "Kolokuma\/Opokuma"
        "Nembe"
        "Ogbia"
        "Sagbama"
        "Southern Ijaw"
        "Yenagoa"
      ]
    },
    {
      "state": "Benue State",
      "lga":[
        "Apa"
        "Ado"
        "Buruku"
        "Gboko"
        "Guma"
        "Gwer East"
        "Gwer West"
        "Katsina-Ala"
        "Konshisha"
        "Kwande"
        "Logo"
        "Makurdi"
        "Obi"
        "Ogbadibo"
        "Ohimini"
        "Oju"
        "Okpokwu"
        "Oturkpo"
        "Tarka"
        "Ukum"
        "Ushongo"
        "Vandeikya"
      ]
    },
    {
      "state": "Borno State",
      "lga":[
        "Askira\/Uba"
        "Bama"  
        "Bayo"  
        "Biu"  
        "Chibok"  
        "Damboa" 
        "Dikwa"
        "Gubio"
        "Guzamala"
        "Gwoza"
        "Hawul"
        "Jere"
        "Kaga"
        "Kala\/Balge"
        "Konduga"
        "Kukawa"
        "Kwaya Kusar"
        "Mafa"
        "Magumeri"
        "Maiduguri"
        "Marte"
        "Mobbar"
        "Monguno"
        "Ngala"
        "Nganzai"
        "Shani"    
    },
    {
      "state": "Cross River State",
      "lga":[
        "Akamkpa"
        "Akpabuyo"
        "Bakassi"
        "Bekwarra"
        "Biase"
        "Boki"
        "Calabar Municipal"
        "Calabar South"
        "Etung"
        "Ikom"
        "Obanliku"
        "Obubra"
        "Obudu"
        "Odukpani"
        "Ogoja"
        "Yakuur"
        "Yala"
      ]
    },
    {
      "state": "Delta State",
      "lga":[
        "Aniocha South"
        "Bomadi"
        "Burutu"  
        "Ethiope East"  
        "Ethiope West"
        "Ika North East"
        "Ika South"
        "Isoko North"
        "Isoko South"
        "Ndokwa East"
        "Ndokwa West"
        "Okpe"
        "Oshimili North"
        "Oshimili South"
        "Patani"
        "Sapele"
        "Udu"
        "Ughelli North"
        "Ughelli South"
        "Ukwuani"
        "Uvwie"
        "Warri North"
        "Warri South"
        "Warri South West"
      ]
    },
    {
      "state": "Ebonyi State",
      "lga":[
        "Afikpo North"
        "Afikpo South"
        "Ebonyi"
        "Ezza North"
        "Ezza South"
        "Ikwo"
        "Ishielu"
        "Ivo"
        "Izzi"
        "Ohaozara"
        "Ohaukwu"
        "Onicha"
      ]
    },
    {
      "state": "Edo State",
      "lga":[
        "Egor"
        "Esan Central"
        "Esan North-East"
        "Esan South-East"
        "Esan West"
        "Etsako Central"
        "Etsako East"
        "Etsako West"
        "Igueben"
        "Ikpoba Okha"
        "Orhionmwon"
        "Oredo"
        "Ovia North-East"
        "Ovia South-West"
        "Owan East"
        "Owan West"
        "Uhunmwonde"
      ]
    },
    {
      "state": "Ekiti State",
      "lga":[
        "Efon"
        "Ekiti East"
        "Ekiti South-West"
        "Ekiti West"
        "Emure"
        "Gbonyin"
        "Ido Osi"
        "Ijero"
        "Ikere"
        "Ikole"
        "Ilejemeje"
        "Irepodun\/Ifelodun"
        "Ise\/Orun"
        "Moba"
        "Oye"
      ]
    },
    {
      "state": "Enugu State",
      "lga":[
        "Awgu"
        "Enugu East"
        "Enugu North"
        "Enugu South"
        "Ezeagu"
        "Igbo Etiti"
        "Igbo Eze North"
        "Igbo Eze South"
        "Isi Uzo"
        "Nkanu East"
        "Nkanu West"
        "Nsukka"
        "Oji River"
        "Udenu"
        "Udi"
        "Uzo Uwani"
      ]
    },
    {
      "state": "FCT",
      "lga":[
        "Bwari"
        "Gwagwalada"
        "Kuje"
        "Kwali"
        "Municipal Area Council"
      ]
    },
    {
      "state": "Gombe State",
      "lga":[
        "Balanga"
        "Billiri"
        "Dukku"
        "Funakaye"
        "Gombe"
        "Kaltungo"
        "Kwami"
        "Nafada"
        "Shongom"
        "Yamaltu\/Deba"
      ]
    },
    {
      "state": "Imo State",
      "lga":[
        "Ahiazu Mbaise"
        "Ehime Mbano"
        "Ezinihitte"
        "Ideato North"
        "Ideato South"
        "Ihitte\/Uboma"
        "Ikeduru"
        "Isiala Mbano"
        "Isu"
        "Mbaitoli"
        "Ngor Okpala"
        "Njaba"
        "Nkwerre"
        "Nwangele"
        "Obowo"
        "Oguta"
        "Ohaji\/Egbema"
        "Okigwe"
        "Orlu"
        "Orsu"
        "Oru East"
        "Oru West"
        "Owerri Municipal"
        "Owerri North"
        "Owerri West"
        "Unuimo"
      ]
    },
    {
      "state": "Jigawa State",
      "lga":[
        "Babura"
        "Biriniwa"
        "Birnin Kudu"
        "Dutse"
        "Gagarawa"
        "Garki"
        "Gumel"
        "Guri"
        "Gwaram"
        "Gwiwa"
        "Hadejia"
        "Jahun"
        "Kafin Hausa"
        "Kazaure"
        "Kiri Kasama"
        "Kiyawa"
        "Kaugama"
        "Maigatari"
        "Malam Madori"
        "Miga"
        "Ringim"
        "Roni"
        "Sule Tankarkar"
        "Taura"
        "Yankwashi"
      ]
    },
    {
      "state": "Kaduna State",
      "lga":[
        "Chikun"
        "Giwa"
        "Igabi"
        "Ikara"
        "Jaba"
        "Jema'a"
        "Kachia"
        "Kaduna North"
        "Kaduna South"
        "Kagarko"
        "Kajuru"
        "Kaura"
        "Kauru"
        "Kubau"
        "Kudan"
        "Lere"
        "Makarfi"
        "Sabon Gari"
        "Sanga"
        "Soba"
        "Zangon Kataf"
        "Zaria"

      ]
    },
    {
      "state": "Kano State",
      "lga":[
        "Albasu"
        "Bagwai"
        "Bebeji"
        "Bichi"
        "Bunkure"
        "Dala"
        "Dambatta"
        "Dawakin Kudu"
        "Dawakin Tofa"
        "Doguwa"
        "Fagge"
        "Gabasawa"
        "Garko"
        "Garun Mallam"
        "Gaya"
        "Gezawa"
        "Gwale"
        "Gwarzo"
        "Kabo"
        "Kano Municipal"
        "Karaye"
        "Kibiya"
        "Kiru"
        "Kumbotso"
        "Kunchi"
        "Kura"
        "Madobi"
        "Makoda"
        "Minjibir"
        "Nasarawa"
        "Rano"
        "Rimin Gado
        "Rogo""Rogo"
        "Shanono"
        "Sumaila"
        "Takai"
        "Tarauni"
        "Tofa"
        "Tsanyawa"
        "Tudun Wada"
        "Ungogo"
        "Warawa"
        "Wudil"
      ]
    },
    {
      "state": "Katsina State",
      "lga":[
        "Batagarawa"
        "Batsari"
        "Baure"
        "Bindawa"
        "Charanchi"
        "Dandume"
        "Danja"
        "Dan Musa"
        "Daura"
        "Dutsi"
        "Dutsin Ma"
        "Faskari"
        "Funtua"
        "Ingawa"
        "Jibia"
        "Kafur"
        "Kaita"
        "Kankara"
        "Kankia"
        "Katsina"
        "Kurfi"
        "Kusada"
        "Mai'Adua"
        "Malumfashi"
        "Mani"
        "Mashi"
        "Matazu"
        "Musawa"
        "Rimi"
        "Sabuwa"
        "Safana"
        "Sandamu"
        "Zango"
      ]
    },
    {
      "state": "Kebbi State",
      "lga":[
        "Arewa Dandi"
        "Argungu"
        "Augie"
        "Bagudo"
        "Birnin Kebbi"
        "Bunza"
        "Dandi"
        "Fakai"
        "Gwandu"
        "Jega"
        "Kalgo"
        "Koko\/Besse"
        "Maiyama"
        "Ngaski"
        "Sakaba"
        "Shanga"
        "Suru"
        "Wasagu\/Danko"
        "Yauri"
        "Zuru"
      ]
    },
    {
      "state": "Kogi State",
      "lga":[
        "Ajaokuta"
        "Ankpa"
        "Bassa"
        "Dekina"
        "Ibaji"
        "Idah"
        "Igalamela Odolu"
        "Ijumu"
        "Kabba\/Bunu"
        "Kogi"
        "Lokoja"
        "Mopa Muro"
        "Ofu"
        "Ogori\/Magongo"
        "Okehi"
        "Okene"
        "Olamaboro"
        "Omala"
        "Yagba East"
        "Yagba West"
      ]
    },
    {
      "state": "Kwara State",
      "lga":[
        "Baruten"
        "Edu"
        "Ekiti"
        "Ifelodun"
        "Ilorin East"
        "Ilorin South"
        "Ilorin West"
        "Irepodun"
        "Isin"
        "Kaiama"
        "Moro"
        "Offa"
        "Oke Ero"
        "Oyun"
        "Pategi"
      ]
    },
    {
      "state": "Lagos State",
      "lga":[
        "Ajeromi-Ifelodun"
        "Alimosho"
        "Amuwo-Odofin"
        "Apapa"
        "Badagry"
        "Epe"
        "Eti Osa"
        "Ibeju-Lekki"
        "Ifako-Ijaiye"
        "Ikeja"
        "Ikorodu"  
        "Kosofe" 
        "Lagos Island" 
        "Lagos Mainland"
        "Mushin"
        "Ojo"
        "Oshodi-Isolo"
        "Shomolu"
        "Surulere"
      ] 
    },
    {
      "state": "Nasarawa State",
      "lga":[
        "Awe"
        "Doma"
        "Karu"
        "Keana"
        "Keffi"
        "Kokona"
        "Lafia"
        "Nasarawa"
        "Nasarawa Egon"
        "Obi"
        "Toto"
        "Wamba"
      ]
    },
    {
      "state": "Niger State",
      "lga":[
        "Agwara"
        "Bida"
        "Borgu"
        "Bosso"
        "Chanchaga"
        "Edati"
        "Gbako"
        "Gurara"
        "Katcha"
        "Kontagora"
        "Lapai"
        "Lavun"
        "Magama"
        "Mariga"
        "Mashegu"
        "Mokwa"
        "Moya"  
        "Paikoro"
        "Rafi"
        "Rijau"
        "Shiroro"
        "Suleja"
        "Tafa"
        "Wushishi"
      ]
    },
    {
      "state": "Ogun State",
      "lga":[
         "Abeokuta South" 
         "Ado-Odo\/Ota"
         "Egbado North"
         "Egbado South"
         "Ewekoro"
         "Ifo"
         "Ijebu East"
         "Ijebu North"
         "Ijebu North East"
         "Ijebu Ode"
         "Ikenne"
         "Imeko Afon"
         "Ipokia"
         "Obafemi Owode"
         "Odeda"
         "Odogbolu"
         "Ogun Waterside"
         "Remo North"
         "Shagamu"
      ]
    },
    {
      "state": "Ondo State",
      "lga":[
        "Akoko North-West"
        "Akoko South-West"
        "Akoko South-East"
        "Akure North"
        "Akure South"
        "Ese Odo"
        "Idanre"
        "Ifedore"
        "Ilaje"
        "Ile Oluji\/Okeigbo"
        "Irele"
        "Odigbo"
        "Okitipupa"
        "Ondo East"
        "Ondo West"
        "Ose"
        "Owo"
      ]
    },
    {
      "state": "Osun State",
      "lga":[
        "Atakunmosa West"
        "Aiyedaade"
        "Aiyedire"
        "Boluwaduro"
        "Boripe"
        "Ede North"
        "Ede South"
        "Ife Central"
        "Ife East"
        "Ife North"
        "Ife South"
        "Egbedore"
        "Ejigbo"
        "Ifedayo"
        "Ifelodun"
        "Ila"
        "Ilesa East"
        "Ilesa West"
        "Irepodun"
        "Irewole"
        "Isokan"
        "Iwo"
        "Obokun"
        "Odo Otin"
        "Ola Oluwa"
        "Olorunda"
        "Oriade"
        "Orolu"
        "Osogbo"

      ]
    },
    {
      "state": "Oyo State",
      "lga":[
        "Akinyele"
        "Atiba"
        "Atisbo"
        "Egbeda"
        "Ibadan North"
        "Ibadan North-East"
        "Ibadan North-West"
        "Ibadan South-East"
        "Ibadan South-West"
        "Ibarapa Central"
        "Ibarapa East"
        "Ibarapa North"
        "Ido"
        "Irepo"
        "Iseyin"
        "Itesiwaju"
        "Iwajowa"
        "Kajola"
        "Lagelu"
        "Ogbomosho North"
        "Ogbomosho South"
        "Ogo Oluwa"
        "Olorunsogo"
        "Oluyole"
        "Ona Ara"
        "Orelope"
        "Ori Ire"
        "Oyo"
        "Oyo East"
        "Saki East"
        "Saki West"
        "Surulere"

      ]
    },
    {
      "state": "Plateau State",
      "lga":[
        "Barkin Ladi"
        "Bassa"
        "Jos East"
        "Jos North"
        "Jos South"
        "Kanam"
        "Kanke"
        "Langtang South"
        "Langtang North"
        "Mangu"
        "Mikang"
        "Pankshin"
        "Qua'an Pan"
        "Riyom"
        "Shendam"
        "Wase"
      ]
    },
    {
      "state": "Rivers State",
      "lga":[
         "Ahoada East"
         "Ahoada West"
         "Akuku-Toru"
         "Andoni"
         "Asari-Toru"
         "Bonny"
         "Degema"
         "Eleme"
         "Emuoha"
         "Etche"
         "Gokana"
         "Ikwerre"
         "Khana"
         "Obio\/Akpor"
         "Ogba\/Egbema\/Ndoni
         "Ogu\/Bolo"
         "Okrika"
         "Omuma"
         "Opobo\/Nkoro"
         "Oyigbo"
         "Port Harcourt"
         "Tai"
      ]
    },
    {
      "state": "Sokoto State",
      "lga":[
        "Bodinga"
        "Dange Shuni"
        "Gada"
        "Goronyo"
        "Gudu"
        "Gwadabawa"
        "Illela"
        "Isa"
        "Kebbe"
        "Kware"
        "Rabah"
        "Sabon Birni"
        "Shagari"
        "Silame"
        "Sokoto North"
        "Sokoto South"
        "Tambuwal"
        "Tangaza"
        "Tureta"
        "Wamako"
        "Wurno"
        "Yabo"
      ]
    },
    {
      "state": "Taraba State",
      "lga":[
        "Bali"
        "Donga"
        "Gashaka
        "Gassol"
        "Ibi"
        "Jalingo"
        "Karim Lamido"
        "Kumi"
        "Lau"
        "Sardauna"
        "Takum"
        "Ussa"
        "Wukari"
        "Yorro"
        "Zing"
      ]
    },
    {
      "state": "Yobe State",
      "lga":[
       "Bursari"
       "Damaturu"
       "Fika"
       "Fune"
       "Geidam"
       "Gujba"
       "Gulani"
       "Jakusko"
       "Karasuwa"
       "Machina"
       "Nangere"
       "Nguru"
       "Potiskum"
       "Tarmuwa"
       "Yunusari"
       "Yusufari"
      ]
    },
    {
      "state": "Zamfara State",
      "lga":[
        "Bakura"
        "Birnin Magaji\/Kiyaw"
        "Bukkuyum"
        "Bungudu"
        "Gummi"
        "Gusau"
        "Kaura Namoda"
        "Maradun"
        "Maru"
        "Shinkafi"
        "Talata Mafara"
        "Chafe"
        "Zurmi"
      ]
    }
  ]
}
